Method,Mutation type,%,host
EvolVR,AT>GC,25.32,E. coli
EvolVR,GC>AT,29.54,E. coli
EvolVR,AT>CG,25.32,E. coli
EvolVR,AT>TA,14.77,E. coli
EvolVR,GC>TA,3.38,E. coli
EvolVR,GC>CG,1.69,E. coli
PACE,AT>GC,12.63,E. coli
PACE,GC>AT,45.26,E. coli
PACE,AT>CG,8.42,E. coli
PACE,AT>TA,10.53,E. coli
PACE,GC>TA,15.79,E. coli
PACE,GC>CG,7.37,E. coli
MutaT7,AT>GC,0,E. coli
MutaT7,GC>AT,100,E. coli
MutaT7,AT>CG,0,E. coli
MutaT7,AT>TA,0,E. coli
MutaT7,GC>TA,0,E. coli
MutaT7,GC>CG,0,E. coli
OrthoRep,AT>GC,73.13,S. cerevisiae
OrthoRep,GC>AT,21.33,S. cerevisiae
OrthoRep,AT>CG,1.1,S. cerevisiae
OrthoRep,AT>TA,1.1,S. cerevisiae
OrthoRep,GC>TA,1.1,S. cerevisiae
OrthoRep,GC>CG,2.23,S. cerevisiae
TRIDENT,AT>GC,3,S. cerevisiae
TRIDENT,GC>AT,97,S. cerevisiae
TRIDENT,AT>CG,0,S. cerevisiae
TRIDENT,AT>TA,0,S. cerevisiae
TRIDENT,GC>TA,0,S. cerevisiae
TRIDENT,GC>CG,0,S. cerevisiae
YeastIT,AT>GC,18.32,S. cerevisiae
YeastIT,GC>AT,81.12,S. cerevisiae
YeastIT,AT>CG,0.08,S. cerevisiae
YeastIT,AT>TA,0,S. cerevisiae
YeastIT,GC>TA,0.48,S. cerevisiae
YeastIT,GC>CG,0,S. cerevisiae
YeastIT2,AT>GC,77.11,S. cerevisiae
YeastIT2,GC>AT,5.97,S. cerevisiae
YeastIT2,AT>CG,0.5,S. cerevisiae
YeastIT2,AT>TA,1,S. cerevisiae
YeastIT2,GC>TA,4.98,S. cerevisiae
YeastIT2,GC>CG,10.45,S. cerevisiae
epPCR (Mutazyme II),AT>GC,18.54,in vitro
epPCR (Mutazyme II),GC>AT,27.01,in vitro
epPCR (Mutazyme II),AT>CG,4.98,in vitro
epPCR (Mutazyme II),AT>TA,30.19,in vitro
epPCR (Mutazyme II),GC>TA,14.93,in vitro
epPCR (Mutazyme II),GC>CG,4.34,in vitro
"epPCR (Taq, Mn2+)",AT>GC,64.82,in vitro
"epPCR (Taq, Mn2+)",GC>AT,9.75,in vitro
"epPCR (Taq, Mn2+)",AT>CG,4.1,in vitro
"epPCR (Taq, Mn2+)",AT>TA,16.51,in vitro
"epPCR (Taq, Mn2+)",GC>TA,3.38,in vitro
"epPCR (Taq, Mn2+)",GC>CG,1.43,in vitro
ICE,AT>GC,0,S. cerevisiae
ICE,GC>AT,0,S. cerevisiae
ICE,AT>CG,0,S. cerevisiae
ICE,AT>TA,0,S. cerevisiae
ICE,GC>TA,0,S. cerevisiae
ICE,GC>CG,0,S. cerevisiae
eMutaT7,AT>GC,0,E. coli
eMutaT7,GC>AT,100,E. coli
eMutaT7,AT>CG,0,E. coli
eMutaT7,AT>TA,0,E. coli
eMutaT7,GC>TA,0,E. coli
eMutaT7,GC>CG,0,E. coli